{
    "1Q": [
        "id",
        "sx",
        "x",
        "u3"
    ],
    "2Q": [
        "cx"
    ],
    "id": {
        "0": 1,
        "1": 1,
        "2": 1,
        "3": 1,
        "4": 1,
        "5": 1,
        "6": 1,
        "7": 1,
        "8": 1,
        "9": 1,
        "10": 1,
        "11": 1,
        "12": 1,
        "13": 1,
        "14": 1,
        "15": 1,
        "16": 1,
        "17": 1,
        "18": 1,
        "19": 1
    },
    "sx": {
        "0": 1,
        "1": 1,
        "2": 1,
        "3": 1,
        "4": 1,
        "5": 1,
        "6": 1,
        "7": 1,
        "8": 1,
        "9": 1,
        "10": 1,
        "11": 1,
        "12": 1,
        "13": 1,
        "14": 1,
        "15": 1,
        "16": 1,
        "17": 1,
        "18": 1,
        "19": 1
    },
    "x": {
        "0": 1,
        "1": 1,
        "2": 1,
        "3": 1,
        "4": 1,
        "5": 1,
        "6": 1,
        "7": 1,
        "8": 1,
        "9": 1,
        "10": 1,
        "11": 1,
        "12": 1,
        "13": 1,
        "14": 1,
        "15": 1,
        "16": 1,
        "17": 1,
        "18": 1,
        "19": 1
    },
    "u3": {
        "0": 1,
        "1": 1,
        "2": 1,
        "3": 1,
        "4": 1,
        "5": 1,
        "6": 1,
        "7": 1,
        "8": 1,
        "9": 1,
        "10": 1,
        "11": 1,
        "12": 1,
        "13": 1,
        "14": 1,
        "15": 1,
        "16": 1,
        "17": 1,
        "18": 1,
        "19": 1
    },
    "cx": {
        "(3,15)": 0.9814385171274539,
        "(3,7)": 0.9807747829089106,
        "(3,14)": 0.979177699592869,
        "(3,4)": 0.9718174105568315,
        "(15,6)": 0.9747039906699597,
        "(15,13)": 0.971192185022056,
        "(15,12)": 0.9630928769179006,
        "(4,7)": 0.965543606973404,
        "(4,19)": 0.9896812253629044,
        "(4,2)": 0.9743333679307399,
        "(7,9)": 0.9679518228589407,
        "(7,1)": 0.9818677001824104,
        "(5,9)": 0.9626251185507104,
        "(5,18)": 0.9612417303862749,
        "(5,11)": 0.9671024253772516,
        "(5,17)": 0.9673975766045844,
        "(9,2)": 0.9797528516921125,
        "(9,16)": 0.980479646689001,
        "(10,17)": 0.9732760334994178,
        "(10,19)": 0.9617286673470474,
        "(10,13)": 0.9614848229855218,
        "(10,14)": 0.9683224740136699,
        "(17,12)": 0.9833682915387506,
        "(17,19)": 0.9719883920556954,
        "(14,6)": 0.9876038448573597,
        "(14,16)": 0.9704997467914406,
        "(6,8)": 0.9716931671477848,
        "(6,13)": 0.9631421926285253,
        "(2,16)": 0.9617071412004329,
        "(2,11)": 0.9843756346726618,
        "(19,16)": 0.9814702945720128,
        "(18,0)": 0.9814355373271474,
        "(18,1)": 0.9788865008487843,
        "(18,8)": 0.9883990791434917,
        "(0,11)": 0.9815402998912817,
        "(0,1)": 0.9843318381177514,
        "(0,13)": 0.9832557409645544,
        "(11,8)": 0.9839396197981055,
        "(12,1)": 0.9626462213947848,
        "(12,8)": 0.9775852927348984
    }
}