{"1Q": ["id", "sx", "x", "u3"], "2Q": ["cx"], "id": {"0": 1, "1": 1, "2": 1, "3": 1, "4": 1, "5": 1, "6": 1, "7": 1, "8": 1, "9": 1, "10": 1, "11": 1, "12": 1, "13": 1, "14": 1, "15": 1, "16": 1, "17": 1, "18": 1, "19": 1}, "sx": {"0": 1, "1": 1, "2": 1, "3": 1, "4": 1, "5": 1, "6": 1, "7": 1, "8": 1, "9": 1, "10": 1, "11": 1, "12": 1, "13": 1, "14": 1, "15": 1, "16": 1, "17": 1, "18": 1, "19": 1}, "x": {"0": 1, "1": 1, "2": 1, "3": 1, "4": 1, "5": 1, "6": 1, "7": 1, "8": 1, "9": 1, "10": 1, "11": 1, "12": 1, "13": 1, "14": 1, "15": 1, "16": 1, "17": 1, "18": 1, "19": 1}, "u3": {"0": 1, "1": 1, "2": 1, "3": 1, "4": 1, "5": 1, "6": 1, "7": 1, "8": 1, "9": 1, "10": 1, "11": 1, "12": 1, "13": 1, "14": 1, "15": 1, "16": 1, "17": 1, "18": 1, "19": 1}, "cx": {"(3,15)": 0.9638061765640584, "(3,7)": 0.9721681140416929, "(3,14)": 0.9779631891311137, "(3,4)": 0.9759221091581051, "(15,6)": 0.966668249350513, "(15,13)": 0.9735855301166373, "(15,12)": 0.9711910204586708, "(4,7)": 0.9758257245852551, "(4,19)": 0.9801331179169824, "(4,2)": 0.9647233676329958, "(7,9)": 0.9708012922684554, "(7,1)": 0.9845065950402206, "(5,9)": 0.9632185326108167, "(5,18)": 0.9802326107034359, "(5,11)": 0.9649975495000814, "(5,17)": 0.9604177163178458, "(9,2)": 0.96646409189389, "(9,16)": 0.9675828300938493, "(10,17)": 0.9685458062645254, "(10,19)": 0.9861632566712342, "(10,13)": 0.9668985211543175, "(10,14)": 0.9832384184647072, "(17,12)": 0.9899994643793957, "(17,19)": 0.965955531513355, "(14,6)": 0.960798659734961, "(14,16)": 0.9608683700674422, "(6,8)": 0.9667919702082808, "(6,13)": 0.9845417189573471, "(2,16)": 0.9754803662707089, "(2,11)": 0.9764413397885149, "(19,16)": 0.987100121407083, "(18,0)": 0.9705390544709736, "(18,1)": 0.9647147007033122, "(18,8)": 0.9892965398688942, "(0,11)": 0.9623382760377491, "(0,1)": 0.9693753848207213, "(0,13)": 0.9649881328150814, "(11,8)": 0.9667991655131651, "(12,1)": 0.9660276158913779, "(12,8)": 0.9860902522669427}}